	reactome-id	wp-id
0	R-HSA-162582	
1	R-HSA-157118	
2	R-HSA-1912422	WP2786
3	R-HSA-1912420	WP3825
4	R-HSA-1912399	
5	R-HSA-1912408	
6	R-HSA-1980150	WP2721
7	R-HSA-1980148	WP2722
8	R-HSA-1980145	WP2718
9	R-HSA-2197563	
10	R-HSA-2979096	
11	R-HSA-1980143	WP2720
12	R-HSA-2122948	
13	R-HSA-2122947	
14	R-HSA-8848021	WP3826
15	R-HSA-8849472	
16	R-HSA-8849471	
17	R-HSA-8849469	
18	R-HSA-8849470	
19	R-HSA-8847993	
20	R-HSA-8847993	
21	R-HSA-8849473	
22	R-HSA-8849468	
23	R-HSA-8857538	
24	R-HSA-8849474	
25	R-HSA-1433557	WP2713
26	R-HSA-1433559	
27	R-HSA-5673001	
28	R-HSA-5673001	
29	R-HSA-5673001	
30	R-HSA-5673001	
31	R-HSA-5673001	
32	R-HSA-5673001	
33	R-HSA-5673001	
34	R-HSA-5673001	
35	R-HSA-5673001	
36	R-HSA-5673001	
37	R-HSA-5673001	
38	R-HSA-5673001	
39	R-HSA-5673001	
40	R-HSA-5673001	
41	R-HSA-5673001	
42	R-HSA-5673001	
43	R-HSA-5673001	
44	R-HSA-5673001	
45	R-HSA-5673001	
46	R-HSA-5673001	
47	R-HSA-5673001	
48	R-HSA-5673001	
49	R-HSA-5658442	
50	R-HSA-5658442	
51	R-HSA-5658442	
52	R-HSA-5658442	
53	R-HSA-5658442	
54	R-HSA-5658442	
55	R-HSA-5658442	
56	R-HSA-5658442	
57	R-HSA-5658442	
58	R-HSA-5658442	
59	R-HSA-5658442	
60	R-HSA-5658442	
61	R-HSA-5658442	
62	R-HSA-5658442	
63	R-HSA-5658442	
64	R-HSA-5658442	
65	R-HSA-5658442	
66	R-HSA-5658442	
67	R-HSA-5658442	
68	R-HSA-5658442	
69	R-HSA-5658442	
70	R-HSA-5658442	
71	R-HSA-5674135	
72	R-HSA-5674135	
73	R-HSA-5674135	
74	R-HSA-5674135	
75	R-HSA-5674135	
76	R-HSA-5674135	
77	R-HSA-5674135	
78	R-HSA-5674135	
79	R-HSA-5674135	
80	R-HSA-5674135	
81	R-HSA-5674135	
82	R-HSA-5674135	
83	R-HSA-5674135	
84	R-HSA-5674135	
85	R-HSA-5674135	
86	R-HSA-5674135	
87	R-HSA-5674135	
88	R-HSA-5674135	
89	R-HSA-5674135	
90	R-HSA-5674135	
91	R-HSA-5674135	
92	R-HSA-5674135	
93	R-HSA-5675221	
94	R-HSA-5675221	
95	R-HSA-5675221	
96	R-HSA-5675221	
97	R-HSA-5675221	
98	R-HSA-5675221	
99	R-HSA-5675221	
100	R-HSA-5675221	
101	R-HSA-5675221	
102	R-HSA-5675221	
103	R-HSA-5675221	
104	R-HSA-5675221	
105	R-HSA-5675221	
106	R-HSA-5675221	
107	R-HSA-5675221	
108	R-HSA-5675221	
109	R-HSA-5675221	
110	R-HSA-5675221	
111	R-HSA-5675221	
112	R-HSA-5675221	
113	R-HSA-5675221	
114	R-HSA-5675221	
115	R-HSA-5674499	
116	R-HSA-5674499	
117	R-HSA-5674499	
118	R-HSA-5674499	
119	R-HSA-5674499	
120	R-HSA-5674499	
121	R-HSA-5674499	
122	R-HSA-5674499	
123	R-HSA-5674499	
124	R-HSA-5674499	
125	R-HSA-5674499	
126	R-HSA-5674499	
127	R-HSA-5674499	
128	R-HSA-5674499	
129	R-HSA-5674499	
130	R-HSA-5674499	
131	R-HSA-5674499	
132	R-HSA-5674499	
133	R-HSA-5674499	
134	R-HSA-5674499	
135	R-HSA-5674499	
136	R-HSA-5674499	
137	R-HSA-5673000	
138	R-HSA-5673000	
139	R-HSA-5673000	
140	R-HSA-5673000	
141	R-HSA-5673000	
142	R-HSA-5673000	
143	R-HSA-5673000	
144	R-HSA-5673000	
145	R-HSA-5673000	
146	R-HSA-5673000	
147	R-HSA-5673000	
148	R-HSA-5673000	
149	R-HSA-5673000	
150	R-HSA-5673000	
151	R-HSA-5673000	
152	R-HSA-5673000	
153	R-HSA-5673000	
154	R-HSA-5673000	
155	R-HSA-5673000	
156	R-HSA-5673000	
157	R-HSA-5673000	
158	R-HSA-5673000	
159	R-HSA-1257604	WP2653
160	R-HSA-1257604	WP2653
161	R-HSA-1257604	WP2653
162	R-HSA-1257604	WP2653
163	R-HSA-1257604	WP2653
164	R-HSA-1257604	WP2653
165	R-HSA-1257604	WP2653
166	R-HSA-1257604	WP2653
167	R-HSA-1257604	WP2653
168	R-HSA-198693	
169	R-HSA-198693	
170	R-HSA-198693	
171	R-HSA-198693	
172	R-HSA-198693	
173	R-HSA-198693	
174	R-HSA-198693	
175	R-HSA-198693	
176	R-HSA-198693	
177	R-HSA-198323	
178	R-HSA-198323	
179	R-HSA-198323	
180	R-HSA-198323	
181	R-HSA-198323	
182	R-HSA-198323	
183	R-HSA-198323	
184	R-HSA-198323	
185	R-HSA-198323	
186	R-HSA-199418	
187	R-HSA-199418	
188	R-HSA-199418	
189	R-HSA-199418	
190	R-HSA-199418	
191	R-HSA-199418	
192	R-HSA-199418	
193	R-HSA-199418	
194	R-HSA-199418	
195	R-HSA-6811558	
196	R-HSA-6811558	
197	R-HSA-6811558	
198	R-HSA-6811558	
199	R-HSA-6811558	
200	R-HSA-6811558	
201	R-HSA-6811558	
202	R-HSA-6811558	
203	R-HSA-6811558	
204	R-HSA-1489509	WP2688
205	R-HSA-1489509	WP2688
206	R-HSA-1489509	WP2688
207	R-HSA-1489509	WP2688
208	R-HSA-1489509	WP2688
209	R-HSA-111997	
210	R-HSA-111997	
211	R-HSA-111997	
212	R-HSA-111997	
213	R-HSA-111997	
214	R-HSA-111997	
215	R-HSA-111933	
216	R-HSA-111933	
217	R-HSA-111933	
218	R-HSA-111933	
219	R-HSA-111933	
220	R-HSA-111933	
221	R-HSA-111957	
222	R-HSA-111957	
223	R-HSA-111957	
224	R-HSA-111957	
225	R-HSA-111957	
226	R-HSA-111957	
227	R-HSA-111931	
228	R-HSA-111931	
229	R-HSA-111931	
230	R-HSA-111931	
231	R-HSA-111931	
232	R-HSA-111931	
233	R-HSA-163615	
234	R-HSA-163615	
235	R-HSA-163615	
236	R-HSA-163615	
237	R-HSA-163615	
238	R-HSA-163615	
239	R-HSA-111932	
240	R-HSA-111932	
241	R-HSA-111932	
242	R-HSA-111932	
243	R-HSA-111932	
244	R-HSA-111932	
245	R-HSA-8852405	WP3818
246	R-HSA-195721	
247	R-HSA-201681	WP3339
248	R-HSA-3772470	
249	R-HSA-3769402	
250	R-HSA-4641263	
251	R-HSA-5368598	
252	R-HSA-201722	
253	R-HSA-4411364	
254	R-HSA-4641257	
255	R-HSA-4641258	
256	R-HSA-4641262	
257	R-HSA-201688	
258	R-HSA-3858494	WP3558
259	R-HSA-4086400	
260	R-HSA-5099900	
261	R-HSA-4608870	
262	R-HSA-5140745	
263	R-HSA-4086398	
264	R-HSA-195253	WP2773
265	R-HSA-4641265	
266	R-HSA-196299	
267	R-HSA-3238698	WP2790
268	R-HSA-2028269	WP2714
269	R-HSA-177929	WP1910
270	R-HSA-180292	
271	R-HSA-179812	
272	R-HSA-212718	
273	R-HSA-182971	
274	R-HSA-180336	
275	R-HSA-170834	WP2742
276	R-HSA-2173791	
277	R-HSA-2173793	
278	R-HSA-2173793	
279	R-HSA-2173796	
280	R-HSA-2173796	
281	R-HSA-2173795	
282	R-HSA-2173795	
283	R-HSA-2173789	
284	R-HSA-2173788	
285	R-HSA-2586552	WP3374
286	R-HSA-354192	WP1832
287	R-HSA-354192	WP1832
288	R-HSA-354194	
289	R-HSA-354194	
290	R-HSA-372708	
291	R-HSA-372708	
292	R-HSA-372790	
293	R-HSA-388396	WP1824
294	R-HSA-416476	
295	R-HSA-416476	
296	R-HSA-114508	WP1809
297	R-HSA-114508	WP1809
298	R-HSA-114508	WP1809
299	R-HSA-426048	
300	R-HSA-426048	
301	R-HSA-426048	
302	R-HSA-416482	
303	R-HSA-397795	
304	R-HSA-392451	
305	R-HSA-418217	
306	R-HSA-381753	
307	R-HSA-418597	
308	R-HSA-418555	
309	R-HSA-418594	
310	R-HSA-881907	WP2664
311	R-HSA-2179392	
312	R-HSA-500792	WP1825
313	R-HSA-420499	
314	R-HSA-373080	
315	R-HSA-419812	
316	R-HSA-420092	
317	R-HSA-373076	
318	R-HSA-375281	
319	R-HSA-391903	
320	R-HSA-391906	
321	R-HSA-391908	
322	R-HSA-444209	
323	R-HSA-3296197	
324	R-HSA-419408	
325	R-HSA-375280	
326	R-HSA-390648	
327	R-HSA-390696	
328	R-HSA-390666	
329	R-HSA-390650	
330	R-HSA-390651	
331	R-HSA-419771	
332	R-HSA-418038	
333	R-HSA-417957	
334	R-HSA-417973	
335	R-HSA-375276	
336	R-HSA-389397	
337	R-HSA-444473	
338	R-HSA-380095	
339	R-HSA-380108	
340	R-HSA-388479	
341	R-HSA-444821	
342	R-HSA-111885	WP1978
343	R-HSA-202040	
344	R-HSA-112040	
345	R-HSA-112043	
346	R-HSA-111996	
347	R-HSA-111995	
348	R-HSA-170670	
349	R-HSA-170670	
350	R-HSA-170660	
351	R-HSA-180024	
352	R-HSA-194315	WP1917
353	R-HSA-195258	WP3406
354	R-HSA-5627117	WP3365
355	R-HSA-5666185	WP3384
356	R-HSA-5627123	WP3351
357	R-HSA-5663213	WP3388
358	R-HSA-5627083	WP3322
359	R-HSA-5625740	WP3357
360	R-HSA-5625886	WP3397
361	R-HSA-5663220	WP3379
362	R-HSA-5668599	WP3396
363	R-HSA-5625970	WP3337
364	R-HSA-5625900	WP3376
365	R-HSA-5626467	WP3330
366	R-HSA-194840	
367	R-HSA-5358351	
368	R-HSA-5358346	WP3401
369	R-HSA-5362798	
370	R-HSA-5610787	WP3316
371	R-HSA-5610783	
372	R-HSA-5610785	
373	R-HSA-5610780	
374	R-HSA-5632684	WP3313
375	R-HSA-5635838	
376	R-HSA-5632681	
377	R-HSA-5635851	
378	R-HSA-73887	
379	R-HSA-75157	
380	R-HSA-75893	WP3380
381	R-HSA-5357956	
382	R-HSA-5357905	
383	R-HSA-5357786	
384	R-HSA-5626978	
385	R-HSA-75158	
386	R-HSA-186797	WP1916
387	R-HSA-186763	
388	R-HSA-1227986	WP2780
389	R-HSA-1963642	
390	R-HSA-1306955	
391	R-HSA-6785631	
392	R-HSA-8863795	
393	R-HSA-1358803	
394	R-HSA-1963640	
395	R-HSA-1251932	
396	R-HSA-1250196	
397	R-HSA-201451	WP2760
398	R-HSA-2187338	WP2776
399	R-HSA-2453902	
400	R-HSA-2466712	
401	R-HSA-2466712	
402	R-HSA-2514856	
403	R-HSA-2514859	
404	R-HSA-2485179	
405	R-HSA-975634	WP3839
406	R-HSA-975634	WP3839
407	R-HSA-2187335	
408	R-HSA-6806834	
409	R-HSA-8851805	
410	R-HSA-8851907	
411	R-HSA-8875878	
412	R-HSA-8874081	
413	R-HSA-8875513	
414	R-HSA-8875555	
415	R-HSA-8865999	
416	R-HSA-8875656	
417	R-HSA-6806942	
418	R-HSA-6807004	
419	R-HSA-8875791	
420	R-HSA-166520	WP1976
421	R-HSA-193704	
422	R-HSA-204998	
423	R-HSA-205043	
424	R-HSA-205025	
425	R-HSA-193648	
426	R-HSA-193639	
427	R-HSA-209543	
428	R-HSA-209560	
429	R-HSA-193681	
430	R-HSA-193697	
431	R-HSA-193634	
432	R-HSA-209563	
433	R-HSA-193692	
434	R-HSA-205017	
435	R-HSA-193670	
436	R-HSA-187037	WP1873
437	R-HSA-198745	
438	R-HSA-198203	
439	R-HSA-187687	
440	R-HSA-187706	
441	R-HSA-169893	
442	R-HSA-170984	
443	R-HSA-170968	
444	R-HSA-167044	
445	R-HSA-197529	
446	R-HSA-171007	
447	R-HSA-177504	
448	R-HSA-187015	
449	R-HSA-187024	
450	R-HSA-187042	
451	R-HSA-167021	
452	R-HSA-198725	
453	R-HSA-198753	
454	R-HSA-198753	
455	R-HSA-198753	
456	R-HSA-198753	
457	R-HSA-198753	
458	R-HSA-198753	
459	R-HSA-198753	
460	R-HSA-198753	
461	R-HSA-198753	
462	R-HSA-198753	
463	R-HSA-202670	
464	R-HSA-202670	
465	R-HSA-202670	
466	R-HSA-202670	
467	R-HSA-202670	
468	R-HSA-202670	
469	R-HSA-202670	
470	R-HSA-202670	
471	R-HSA-202670	
472	R-HSA-202670	
473	R-HSA-199920	
474	R-HSA-199920	
475	R-HSA-199920	
476	R-HSA-199920	
477	R-HSA-199920	
478	R-HSA-199920	
479	R-HSA-199920	
480	R-HSA-199920	
481	R-HSA-199920	
482	R-HSA-199920	
483	R-HSA-198765	
484	R-HSA-167060	
485	R-HSA-5362517	WP3323
486	R-HSA-5365859	
487	R-HSA-2404192	WP2677
488	R-HSA-2428924	
489	R-HSA-2428928	
490	R-HSA-112399	
491	R-HSA-112399	
492	R-HSA-109704	
493	R-HSA-109704	
494	R-HSA-109703	
495	R-HSA-109703	
496	R-HSA-165160	
497	R-HSA-165160	
498	R-HSA-165159	WP3318
499	R-HSA-165159	WP3318
500	R-HSA-165181	
501	R-HSA-165181	
502	R-HSA-380972	WP2748
503	R-HSA-380972	WP2748
504	R-HSA-166208	
505	R-HSA-166208	
506	R-HSA-165158	
507	R-HSA-165158	
508	R-HSA-112412	
509	R-HSA-112412	
510	R-HSA-2428933	
511	R-HSA-74752	WP1913
512	R-HSA-77387	
513	R-HSA-74751	
514	R-HSA-74713	
515	R-HSA-74749	
516	R-HSA-5683057	
517	R-HSA-5687128	
518	R-HSA-5684996	
519	R-HSA-112409	
520	R-HSA-110056	
521	R-HSA-112411	
522	R-HSA-1236394	WP2781
523	R-HSA-1250342	
524	R-HSA-1250347	
525	R-HSA-1251985	
526	R-HSA-1170546	WP2678
527	R-HSA-1170546	WP2678
528	R-HSA-1253288	
529	R-HSA-194138	WP1919
530	R-HSA-194306	
531	R-HSA-194313	
532	R-HSA-195399	
533	R-HSA-4420097	
534	R-HSA-5218921	
535	R-HSA-5218920	
536	R-HSA-190236	
537	R-HSA-5654738	WP3338
538	R-HSA-190241	
539	R-HSA-190375	
540	R-HSA-190377	
541	R-HSA-6803529	
542	R-HSA-5654696	
543	R-HSA-5654699	
544	R-HSA-5654695	
545	R-HSA-5654221	
546	R-HSA-5654700	
547	R-HSA-5654727	
548	R-HSA-1295596	
549	R-HSA-1295596	
550	R-HSA-1295596	
551	R-HSA-1295596	
552	R-HSA-5654741	WP3336
553	R-HSA-5654732	
554	R-HSA-5654708	
555	R-HSA-5654227	
556	R-HSA-5654710	
557	R-HSA-5654704	
558	R-HSA-5654706	
559	R-HSA-190239	
560	R-HSA-190372	
561	R-HSA-190371	
562	R-HSA-5654736	WP3335
563	R-HSA-190242	
564	R-HSA-190373	
565	R-HSA-190374	
566	R-HSA-190370	
567	R-HSA-5654687	
568	R-HSA-5654688	
569	R-HSA-5654689	
570	R-HSA-5654219	
571	R-HSA-5654693	
572	R-HSA-5658623	
573	R-HSA-5654726	
574	R-HSA-5654743	WP3334
575	R-HSA-5654733	
576	R-HSA-5654716	
577	R-HSA-5654719	
578	R-HSA-5654720	
579	R-HSA-5654228	
580	R-HSA-5654712	
581	R-HSA-190322	
582	R-HSA-1307965	
583	R-HSA-1502540	WP2791
584	R-HSA-2473224	
585	R-HSA-382551	
586	R-HSA-5223345	WP3320
587	R-HSA-917937	WP2670
588	R-HSA-917977	
589	R-HSA-445717	
590	R-HSA-432040	WP2662
591	R-HSA-432030	WP1926
592	R-HSA-432047	WP1877
593	R-HSA-382556	WP1780
594	R-HSA-1369007	
595	R-HSA-1369062	
596	R-HSA-983712	
597	R-HSA-975298	
598	R-HSA-936837	
599	R-HSA-2672351	
600	R-HSA-3295583	
601	R-HSA-425407	
602	R-HSA-189200	WP1828
603	R-HSA-189200	WP1828
604	R-HSA-70153	
605	R-HSA-70153	
606	R-HSA-170822	
607	R-HSA-170822	
608	R-HSA-425366	WP1935
609	R-HSA-429593	
610	R-HSA-425410	
611	R-HSA-435354	
612	R-HSA-442380	
613	R-HSA-435368	
614	R-HSA-442660	
615	R-HSA-433137	
616	R-HSA-428790	
617	R-HSA-428776	
618	R-HSA-549132	
619	R-HSA-561048	
620	R-HSA-549127	
621	R-HSA-428808	
622	R-HSA-444411	
623	R-HSA-433692	
624	R-HSA-425393	
625	R-HSA-427652	
626	R-HSA-427589	
627	R-HSA-425986	
628	R-HSA-428559	
629	R-HSA-352230	
630	R-HSA-425381	
631	R-HSA-425561	
632	R-HSA-428643	
633	R-HSA-427601	
634	R-HSA-426117	
635	R-HSA-427975	
636	R-HSA-425397	WP1937
637	R-HSA-727802	
638	R-HSA-83936	
639	R-HSA-804914	
640	R-HSA-879518	
641	R-HSA-1500931	
642	R-HSA-391160	WP1909
643	R-HSA-376172	WP1808
644	R-HSA-446728	WP1793
645	R-HSA-446107	
646	R-HSA-446353	
647	R-HSA-446343	
648	R-HSA-446388	
649	R-HSA-421270	
650	R-HSA-420029	
651	R-HSA-418990	
652	R-HSA-420597	
653	R-HSA-373753	WP1867
654	R-HSA-1643685	
655	R-HSA-5668914	
656	R-HSA-2160456	
657	R-HSA-5663084	
658	R-HSA-2206281	
659	R-HSA-2206285	
660	R-HSA-2206291	
661	R-HSA-2206290	
662	R-HSA-2206302	
663	R-HSA-2206307	
664	R-HSA-2206282	
665	R-HSA-2206305	
666	R-HSA-2206296	
667	R-HSA-2206308	
668	R-HSA-2206292	
669	R-HSA-2206280	
670	R-HSA-5662853	
671	R-HSA-6791465	
672	R-HSA-6791055	
673	R-HSA-6791461	
674	R-HSA-6791462	
675	R-HSA-5659996	
676	R-HSA-5657562	
677	R-HSA-5659898	
678	R-HSA-5657560	
679	R-HSA-3229121	
680	R-HSA-3282872	
681	R-HSA-3858516	
682	R-HSA-3878781	
683	R-HSA-5357609	
684	R-HSA-3814836	
685	R-HSA-3229133	
686	R-HSA-3828062	
687	R-HSA-3785653	
688	R-HSA-3274531	
689	R-HSA-3296482	
690	R-HSA-3296469	
691	R-HSA-3359471	
692	R-HSA-3359463	
693	R-HSA-3359474	
694	R-HSA-3359469	
695	R-HSA-3359457	
696	R-HSA-3359454	
697	R-HSA-3359458	
698	R-HSA-3359462	
699	R-HSA-3359475	
700	R-HSA-3359467	
701	R-HSA-3359473	
702	R-HSA-3359478	
703	R-HSA-3359485	
704	R-HSA-5683329	
705	R-HSA-5683329	
706	R-HSA-3323169	
707	R-HSA-3371598	
708	R-HSA-3371599	
709	R-HSA-5687613	
710	R-HSA-5687583	
711	R-HSA-5619045	
712	R-HSA-5688399	
713	R-HSA-5688354	
714	R-HSA-5687868	
715	R-HSA-5688890	
716	R-HSA-5688849	
717	R-HSA-5688031	
718	R-HSA-5579029	
719	R-HSA-5579024	
720	R-HSA-5579006	
721	R-HSA-5579031	
722	R-HSA-5579005	
723	R-HSA-5579016	
724	R-HSA-5579007	
725	R-HSA-5579002	
726	R-HSA-5579028	
727	R-HSA-5578995	
728	R-HSA-5579032	
729	R-HSA-5578997	
730	R-HSA-5579011	
731	R-HSA-5579004	
732	R-HSA-5579009	
733	R-HSA-5579026	
734	R-HSA-5579013	
735	R-HSA-5579014	
736	R-HSA-5579010	
737	R-HSA-5579027	
738	R-HSA-5579019	
739	R-HSA-5579020	
740	R-HSA-5579030	
741	R-HSA-5579012	
742	R-HSA-5578998	
743	R-HSA-5579021	
744	R-HSA-5578999	
745	R-HSA-5579015	
746	R-HSA-5579022	
747	R-HSA-5579000	
748	R-HSA-5579017	
749	R-HSA-5578996	
750	R-HSA-2978092	WP3486
751	R-HSA-5619115	
752	R-HSA-5619102	
753	R-HSA-5619101	
754	R-HSA-5660686	
755	R-HSA-5619056	
756	R-HSA-5619079	
757	R-HSA-5659729	
758	R-HSA-5619095	
759	R-HSA-5619077	
760	R-HSA-5619076	
761	R-HSA-5619087	
762	R-HSA-5658208	
763	R-HSA-5660883	
764	R-HSA-5619047	
765	R-HSA-5619111	
766	R-HSA-5619071	
767	R-HSA-5619097	
768	R-HSA-3560792	
769	R-HSA-3560792	
770	R-HSA-5619062	
771	R-HSA-5619096	
772	R-HSA-5619083	
773	R-HSA-5663020	
774	R-HSA-5619037	
775	R-HSA-5619054	
776	R-HSA-5619048	
777	R-HSA-5619092	
778	R-HSA-5619085	
779	R-HSA-5619088	
780	R-HSA-5661182	
781	R-HSA-5619110	
782	R-HSA-5619098	
783	R-HSA-5659735	
784	R-HSA-5619044	
785	R-HSA-5619060	
786	R-HSA-5619081	
787	R-HSA-5660724	
788	R-HSA-5619089	
789	R-HSA-5619055	
790	R-HSA-5619067	
791	R-HSA-5619108	
792	R-HSA-5619109	
793	R-HSA-5619107	
794	R-HSA-5619072	
795	R-HSA-5619035	
796	R-HSA-5619041	
797	R-HSA-5619039	
798	R-HSA-5619046	
799	R-HSA-5619049	
800	R-HSA-5619061	
801	R-HSA-5619053	
802	R-HSA-5658471	
803	R-HSA-5619114	
804	R-HSA-5619036	
805	R-HSA-5619043	
806	R-HSA-5619073	
807	R-HSA-5619099	
808	R-HSA-5656364	
809	R-HSA-5660862	
810	R-HSA-5619113	
811	R-HSA-5619066	
812	R-HSA-5619070	
813	R-HSA-5619063	
814	R-HSA-5619040	
815	R-HSA-5619042	
816	R-HSA-5619050	
817	R-HSA-5619068	
818	R-HSA-5619052	
819	R-HSA-5619078	
820	R-HSA-5655799	
821	R-HSA-5619104	
822	R-HSA-5619094	
823	R-HSA-5619058	
824	R-HSA-5619084	
825	R-HSA-5679090	
826	R-HSA-5683371	
827	R-HSA-5678420	
828	R-HSA-5690338	
829	R-HSA-5678771	
830	R-HSA-5679001	
831	R-HSA-5682113	
832	R-HSA-5679096	
833	R-HSA-5678520	
834	R-HSA-5683177	
835	R-HSA-5683678	
836	R-HSA-5684045	
837	R-HSA-5678895	
838	R-HSA-5682294	
839	R-HSA-5663202	
840	R-HSA-1643713	
841	R-HSA-5637815	
842	R-HSA-1236382	
843	R-HSA-5637812	
844	R-HSA-5637810	
845	R-HSA-5638302	
846	R-HSA-5638303	
847	R-HSA-4791275	
848	R-HSA-5340573	
849	R-HSA-5340588	
850	R-HSA-5339716	
851	R-HSA-4839748	
852	R-HSA-5467343	
853	R-HSA-5467348	
854	R-HSA-5339700	
855	R-HSA-4839744	
856	R-HSA-5467337	
857	R-HSA-5467333	
858	R-HSA-4839735	
859	R-HSA-5467345	
860	R-HSA-5467340	
861	R-HSA-5339717	
862	R-HSA-5545619	
863	R-HSA-4839743	
864	R-HSA-5358751	
865	R-HSA-5358747	
866	R-HSA-5358749	
867	R-HSA-5358752	
868	R-HSA-2644603	
869	R-HSA-2894858	
870	R-HSA-2894862	
871	R-HSA-2644602	
872	R-HSA-2644606	
873	R-HSA-2691230	
874	R-HSA-2691232	
875	R-HSA-2660825	
876	R-HSA-2660826	
877	R-HSA-2644605	
878	R-HSA-2644607	
879	R-HSA-2474795	
880	R-HSA-2453864	
881	R-HSA-6809583	
882	R-HSA-3304351	
883	R-HSA-3304347	
884	R-HSA-3311021	
885	R-HSA-3304349	
886	R-HSA-3315487	
887	R-HSA-3304356	
888	R-HSA-3656534	
889	R-HSA-3656535	
890	R-HSA-3656532	
891	R-HSA-3642278	
892	R-HSA-3645790	
893	R-HSA-3642279	
894	R-HSA-5387390	
895	R-HSA-5658034	
896	R-HSA-5362768	
897	R-HSA-2219528	
898	R-HSA-5674404	
899	R-HSA-2219530	
900	R-HSA-5674400	
901	R-HSA-6802957	
902	R-HSA-6802953	
903	R-HSA-6802952	
904	R-HSA-6802946	
905	R-HSA-6802955	
906	R-HSA-6802949	
907	R-HSA-6802948	
908	R-HSA-1226099	
909	R-HSA-5655302	
910	R-HSA-1839124	
911	R-HSA-1839117	
912	R-HSA-8853336	
913	R-HSA-1839122	
914	R-HSA-1839120	
915	R-HSA-5655332	
916	R-HSA-8853338	
917	R-HSA-2033514	
918	R-HSA-1839130	
919	R-HSA-2033515	
920	R-HSA-8853334	
921	R-HSA-5655253	
922	R-HSA-1839126	
923	R-HSA-8853333	
924	R-HSA-8851708	
925	R-HSA-2033519	
926	R-HSA-2023837	
927	R-HSA-5655291	
928	R-HSA-1839128	
929	R-HSA-3781865	
930	R-HSA-3781860	
931	R-HSA-4720454	
932	R-HSA-4724289	
933	R-HSA-4793954	
934	R-HSA-4720489	
935	R-HSA-4724325	
936	R-HSA-4549349	
937	R-HSA-4793952	
938	R-HSA-4793950	
939	R-HSA-4687000	
940	R-HSA-4570571	
941	R-HSA-4793953	
942	R-HSA-3656244	
943	R-HSA-5633231	
944	R-HSA-4551295	
945	R-HSA-4549356	
946	R-HSA-4720475	
947	R-HSA-4549380	
948	R-HSA-3560782	
949	R-HSA-3560796	
950	R-HSA-3595177	
951	R-HSA-3560783	
952	R-HSA-3656253	
953	R-HSA-3656243	
954	R-HSA-3656225	
955	R-HSA-3656237	
956	R-HSA-3595172	
957	R-HSA-3560801	
958	R-HSA-4420332	
959	R-HSA-3595174	
960	R-HSA-5609975	
961	R-HSA-4341670	
962	R-HSA-4719360	
963	R-HSA-4043911	
964	R-HSA-5609978	
965	R-HSA-4717374	
966	R-HSA-4719377	
967	R-HSA-4755579	
968	R-HSA-4755609	
969	R-HSA-4085011	
970	R-HSA-4755583	
971	R-HSA-4085023	
972	R-HSA-4043916	
973	R-HSA-5609974	
974	R-HSA-5609977	
975	R-HSA-5609976	
976	R-HSA-3906995	
977	R-HSA-5083632	
978	R-HSA-5083627	
979	R-HSA-5083628	
980	R-HSA-5083633	
981	R-HSA-5083630	
982	R-HSA-5083625	
983	R-HSA-5083629	
984	R-HSA-5083635	
985	R-HSA-5083636	
986	R-HSA-5260271	
987	R-HSA-5602358	
988	R-HSA-5603037	
989	R-HSA-5602415	
990	R-HSA-5602410	
991	R-HSA-5603041	
992	R-HSA-5603029	
993	R-HSA-5603027	
994	R-HSA-5602636	
995	R-HSA-5602571	
996	R-HSA-5602680	
997	R-HSA-5602566	
998	R-HSA-5602498	
999	R-HSA-5663205	
1000	R-HSA-162906	
1001	R-HSA-162909	WP2684
1002	R-HSA-176033	
1003	R-HSA-180897	
1004	R-HSA-180910	
1005	R-HSA-177243	
1006	R-HSA-180746	
1007	R-HSA-165054	
1008	R-HSA-165054	
1009	R-HSA-180689	
1010	R-HSA-180534	
1011	R-HSA-164952	
1012	R-HSA-164938	
1013	R-HSA-164939	
1014	R-HSA-167590	
1015	R-HSA-164940	
1016	R-HSA-182218	
1017	R-HSA-164944	
1018	R-HSA-176034	
1019	R-HSA-180585	
1020	R-HSA-162587	WP2658
1021	R-HSA-162594	
1022	R-HSA-162592	
1023	R-HSA-164843	
1024	R-HSA-175567	
1025	R-HSA-177539	
1026	R-HSA-162589	
1027	R-HSA-164525	
1028	R-HSA-164516	
1029	R-HSA-173107	
1030	R-HSA-162585	
1031	R-HSA-162599	
1032	R-HSA-167172	
1033	R-HSA-167287	
1034	R-HSA-167290	
1035	R-HSA-167169	
1036	R-HSA-167242	
1037	R-HSA-167246	
1038	R-HSA-167200	
1039	R-HSA-167158	
1040	R-HSA-167160	
1041	R-HSA-77075	
1042	R-HSA-167243	
1043	R-HSA-167162	
1044	R-HSA-167161	
1045	R-HSA-167238	
1046	R-HSA-167152	
1047	R-HSA-167168	
1048	R-HSA-162588	
1049	R-HSA-175474	
1050	R-HSA-174495	
1051	R-HSA-174490	
1052	R-HSA-171286	
1053	R-HSA-5339562	
1054	R-HSA-5210891	WP3390
1055	R-HSA-168799	WP2665
1056	R-HSA-5250989	
1057	R-HSA-5250992	
1058	R-HSA-5250968	
1059	R-HSA-5250955	
1060	R-HSA-5250981	
1061	R-HSA-5250958	
1062	R-HSA-5250982	
1063	R-HSA-5250971	
1064	R-HSA-5336415	WP3360
1065	R-HSA-1222352	WP2700
1066	R-HSA-1222499	
1067	R-HSA-1222541	
1068	R-HSA-1222449	
1069	R-HSA-1222538	
1070	R-HSA-1222387	
1071	R-HSA-168254	
1072	R-HSA-168253	WP2771
1073	R-HSA-168276	
1074	R-HSA-169131	
1075	R-HSA-168305	
1076	R-HSA-168888	
1077	R-HSA-168315	
1078	R-HSA-168277	
1079	R-HSA-168255	WP2683
1080	R-HSA-168274	
1081	R-HSA-168330	
1082	R-HSA-168333	
1083	R-HSA-168271	
1084	R-HSA-168273	
1085	R-HSA-168325	
1086	R-HSA-192814	
1087	R-HSA-192823	
1088	R-HSA-192905	
1089	R-HSA-192869	
1090	R-HSA-168275	
1091	R-HSA-168270	
1092	R-HSA-168336	
1093	R-HSA-168288	
1094	R-HSA-168268	
1095	R-HSA-168303	
1096	R-HSA-168298	
1097	R-HSA-168302	
1098	R-HSA-168316	
1099	R-HSA-168874	
1100	R-HSA-8863678	
1101	R-HSA-8862803	
1102	R-HSA-168256	
1103	R-HSA-1222556	WP3834
1104	R-HSA-1280215	
1105	R-HSA-5668541	WP3398
1106	R-HSA-5676594	
1107	R-HSA-5676590	
1108	R-HSA-5669034	WP3350
1109	R-HSA-982772	WP2657
1110	R-HSA-449147	WP3504
1111	R-HSA-6783589	
1112	R-HSA-1059683	WP2704
1113	R-HSA-6788467	WP3796
1114	R-HSA-8854691	WP3817
1115	R-HSA-448424	WP3820
1116	R-HSA-446652	WP1839
1117	R-HSA-5684264	
1118	R-HSA-5684264	
1119	R-HSA-5684264	
1120	R-HSA-5684264	
1121	R-HSA-5684264	
1122	R-HSA-5684264	
1123	R-HSA-5684264	
1124	R-HSA-5684264	
1125	R-HSA-5684264	
1126	R-HSA-5684264	
1127	R-HSA-451927	WP2732
1128	R-HSA-912526	
1129	R-HSA-912526	
1130	R-HSA-447115	
1131	R-HSA-512988	WP1840
1132	R-HSA-912631	
1133	R-HSA-448706	WP1838
1134	R-HSA-1266695	WP2673
1135	R-HSA-913531	
1136	R-HSA-877300	WP1836
1137	R-HSA-877312	
1138	R-HSA-1169410	
1139	R-HSA-1169408	WP2672
1140	R-HSA-909733	
1141	R-HSA-912694	
1142	R-HSA-168249	
1143	R-HSA-5621481	WP3354
1144	R-HSA-5621575	
1145	R-HSA-5621480	
1146	R-HSA-5607764	
1147	R-HSA-5607761	
1148	R-HSA-5660668	
1149	R-HSA-5607763	
1150	R-HSA-879415	WP1781
1151	R-HSA-6798695	
1152	R-HSA-168898	WP2775
1153	R-HSA-166016	
1154	R-HSA-166020	
1155	R-HSA-166054	
1156	R-HSA-166058	
1157	R-HSA-166058	
1158	R-HSA-166058	
1159	R-HSA-937039	
1160	R-HSA-937039	
1161	R-HSA-937039	
1162	R-HSA-937039	
1163	R-HSA-937039	
1164	R-HSA-445989	WP2656
1165	R-HSA-445989	WP2656
1166	R-HSA-445989	WP2656
1167	R-HSA-445989	WP2656
1168	R-HSA-445989	WP2656
1169	R-HSA-445989	WP2656
1170	R-HSA-445989	WP2656
1171	R-HSA-445989	WP2656
1172	R-HSA-445989	WP2656
1173	R-HSA-450294	WP2792
1174	R-HSA-450294	WP2792
1175	R-HSA-450294	WP2792
1176	R-HSA-450294	WP2792
1177	R-HSA-450294	WP2792
1178	R-HSA-450294	WP2792
1179	R-HSA-450294	WP2792
1180	R-HSA-450294	WP2792
1181	R-HSA-450294	WP2792
1182	R-HSA-450321	
1183	R-HSA-450321	
1184	R-HSA-450321	
1185	R-HSA-450321	
1186	R-HSA-450321	
1187	R-HSA-450321	
1188	R-HSA-450321	
1189	R-HSA-450321	
1190	R-HSA-450321	
1191	R-HSA-450302	
1192	R-HSA-450302	
1193	R-HSA-450302	
1194	R-HSA-450302	
1195	R-HSA-450302	
1196	R-HSA-450302	
1197	R-HSA-450302	
1198	R-HSA-450302	
1199	R-HSA-450302	
1200	R-HSA-450282	
1201	R-HSA-450282	
1202	R-HSA-450282	
1203	R-HSA-450282	
1204	R-HSA-450282	
1205	R-HSA-450282	
1206	R-HSA-450282	
1207	R-HSA-450282	
1208	R-HSA-450282	
1209	R-HSA-450341	
1210	R-HSA-450341	
1211	R-HSA-450341	
1212	R-HSA-450341	
1213	R-HSA-450341	
1214	R-HSA-450341	
1215	R-HSA-450341	
1216	R-HSA-450341	
1217	R-HSA-450341	
1218	R-HSA-937042	
1219	R-HSA-937042	
1220	R-HSA-937042	
1221	R-HSA-937042	
1222	R-HSA-937042	
1223	R-HSA-166166	
1224	R-HSA-166166	
1225	R-HSA-937061	
1226	R-HSA-937061	
1227	R-HSA-937041	
1228	R-HSA-937041	
1229	R-HSA-936964	
1230	R-HSA-936964	
1231	R-HSA-2562578	
1232	R-HSA-2562578	
1233	R-HSA-937072	
1234	R-HSA-937072	
1235	R-HSA-168138	
1236	R-HSA-975155	WP2768
1237	R-HSA-975155	WP2768
1238	R-HSA-975110	
1239	R-HSA-975110	
1240	R-HSA-975138	
1241	R-HSA-975138	
1242	R-HSA-975163	
1243	R-HSA-975163	
1244	R-HSA-975144	
1245	R-HSA-975144	
1246	R-HSA-168164	WP3352
1247	R-HSA-5686938	
1248	R-HSA-168181	
1249	R-HSA-1679131	WP2709
1250	R-HSA-168176	
1251	R-HSA-975871	WP2801
1252	R-HSA-975871	WP2801
1253	R-HSA-168142	
1254	R-HSA-181438	
1255	R-HSA-168179	
1256	R-HSA-168188	
1257	R-HSA-166658	WP1798
1258	R-HSA-166663	
1259	R-HSA-173736	
1260	R-HSA-166786	
1261	R-HSA-166662	
1262	R-HSA-2855086	
1263	R-HSA-173623	
1264	R-HSA-977606	
1265	R-HSA-174577	
1266	R-HSA-166665	
1267	R-HSA-168643	WP2763
1268	R-HSA-168638	
1269	R-HSA-622312	
1270	R-HSA-844615	
1271	R-HSA-844623	
1272	R-HSA-844456	
1273	R-HSA-844455	
1274	R-HSA-6803157	
1275	R-HSA-6799990	
1276	R-HSA-1461973	WP2671
1277	R-HSA-1462054	
1278	R-HSA-1461957	
1279	R-HSA-6803544	
1280	R-HSA-168928	
1281	R-HSA-933541	
1282	R-HSA-933543	
1283	R-HSA-918233	
1284	R-HSA-933542	
1285	R-HSA-936440	
1286	R-HSA-2454202	WP2759
1287	R-HSA-2871837	
1288	R-HSA-2871796	
1289	R-HSA-2730905	
1290	R-HSA-2871809	
1291	R-HSA-2029480	WP2719
1292	R-HSA-2029485	
1293	R-HSA-2029481	
1294	R-HSA-2029482	
1295	R-HSA-1834949	
1296	R-HSA-3134975	
1297	R-HSA-3248023	
1298	R-HSA-1606322	
1299	R-HSA-1606341	
1300	R-HSA-1810476	
1301	R-HSA-3134963	
1302	R-HSA-1834941	
1303	R-HSA-3249367	
1304	R-HSA-3270619	
1305	R-HSA-3134973	
1306	R-HSA-2172127	WP2694
1307	R-HSA-2424491	
1308	R-HSA-1280218	
1309	R-HSA-198933	WP1829
1310	R-HSA-392517	WP1895
1311	R-HSA-202403	WP1927
1312	R-HSA-202424	
1313	R-HSA-202433	
1314	R-HSA-202427	
1315	R-HSA-202430	
1316	R-HSA-983169	WP3577
1317	R-HSA-1236975	
1318	R-HSA-1236977	
1319	R-HSA-1236978	
1320	R-HSA-1236974	
1321	R-HSA-1236973	
1322	R-HSA-983170	
1323	R-HSA-983168	
1324	R-HSA-2132295	WP2679
1325	R-HSA-388841	WP1799
1326	R-HSA-389356	
1327	R-HSA-389357	
1328	R-HSA-389359	
1329	R-HSA-389948	
1330	R-HSA-389513	
1331	R-HSA-983705	WP2746
1332	R-HSA-983695	
1333	R-HSA-1168372	
1334	R-HSA-1169091	
1335	R-HSA-1169092	
1336	R-HSA-5690714	
1337	R-HSA-400253	WP1797
1338	R-HSA-1368071	WP3394
1339	R-HSA-1368108	
1340	R-HSA-1368082	WP3370
1341	R-HSA-2262752	
1342	R-HSA-2559583	
1343	R-HSA-2559585	WP3308
1344	R-HSA-2559580	WP3404
1345	R-HSA-2559586	
1346	R-HSA-2559584	
1347	R-HSA-2559582	WP3391
1348	R-HSA-1632852	WP3348
1349	R-HSA-2262749	
1350	R-HSA-1234174	WP2727
1351	R-HSA-1234176	
1352	R-HSA-1234162	
1353	R-HSA-1234158	
1354	R-HSA-3371556	WP3395
1355	R-HSA-3371453	
1356	R-HSA-3371571	
1357	R-HSA-3371568	
1358	R-HSA-3371511	
1359	R-HSA-3299685	WP2824
1360	R-HSA-74160	
1361	R-HSA-212165	
1362	R-HSA-5221030	WP3372
1363	R-HSA-212300	WP3312
1364	R-HSA-5250941	
1365	R-HSA-427359	WP3364
1366	R-HSA-427413	WP3305
1367	R-HSA-5334118	WP3359
1368	R-HSA-5250913	
1369	R-HSA-427389	WP3801
1370	R-HSA-5250924	WP3819
1371	R-HSA-72312	WP3829
1372	R-HSA-8868773	
1373	R-HSA-6791226	
1374	R-HSA-6790901	
1375	R-HSA-8868766	
1376	R-HSA-6793080	
1377	R-HSA-6807505	WP3827
1378	R-HSA-428359	
1379	R-HSA-504046	WP1905
1380	R-HSA-74158	
1381	R-HSA-76046	
1382	R-HSA-76071	
1383	R-HSA-76061	
1384	R-HSA-76066	
1385	R-HSA-73780	
1386	R-HSA-749476	
1387	R-HSA-73980	
1388	R-HSA-75944	
1389	R-HSA-163282	
1390	R-HSA-163316	
1391	R-HSA-73864	
1392	R-HSA-73863	
1393	R-HSA-73854	
1394	R-HSA-73728	
1395	R-HSA-73762	
1396	R-HSA-73772	
1397	R-HSA-73777	
1398	R-HSA-194441	WP2715
1399	R-HSA-191859	
1400	R-HSA-75067	WP1890
1401	R-HSA-77595	
1402	R-HSA-77588	
1403	R-HSA-111367	
1404	R-HSA-72306	
1405	R-HSA-6785470	WP3809
1406	R-HSA-6787450	WP3684
1407	R-HSA-6784531	WP3552
1408	R-HSA-6782315	WP3561
1409	R-HSA-6782861	WP3553
1410	R-HSA-72203	WP1889
1411	R-HSA-72202	
1412	R-HSA-159236	
1413	R-HSA-159234	
1414	R-HSA-159231	
1415	R-HSA-159230	
1416	R-HSA-159227	
1417	R-HSA-72187	
1418	R-HSA-72172	
1419	R-HSA-72165	
1420	R-HSA-72163	
1421	R-HSA-379724	WP1938
1422	R-HSA-379726	
1423	R-HSA-379716	
1424	R-HSA-927802	WP2710
1425	R-HSA-975957	
1426	R-HSA-975956	
1427	R-HSA-75072	WP1862
1428	R-HSA-72200	
1429	R-HSA-75094	
1430	R-HSA-75064	
1431	R-HSA-77042	
1432	R-HSA-75102	
1433	R-HSA-72086	WP1861
1434	R-HSA-429914	WP2659
1435	R-HSA-430039	
1436	R-HSA-429947	
1437	R-HSA-429958	
1438	R-HSA-450531	WP2733
1439	R-HSA-450513	
1440	R-HSA-450520	
1441	R-HSA-450604	
1442	R-HSA-450408	
1443	R-HSA-450385	
1444	R-HSA-211000	WP3571
1445	R-HSA-426496	
1446	R-HSA-5601884	
1447	R-HSA-426486	
1448	R-HSA-203927	
1449	R-HSA-5578749	
1450	R-HSA-73857	WP1906
1451	R-HSA-73856	
1452	R-HSA-109688	
1453	R-HSA-674695	
1454	R-HSA-75955	
1455	R-HSA-112382	
1456	R-HSA-113418	
1457	R-HSA-73779	
1458	R-HSA-76042	
1459	R-HSA-73776	
1460	R-HSA-75953	
1461	R-HSA-212436	WP1822
1462	R-HSA-8864260	
1463	R-HSA-8866911	
1464	R-HSA-8866904	
1465	R-HSA-8866907	
1466	R-HSA-8866906	
1467	R-HSA-8866910	
1468	R-HSA-8869496	
1469	R-HSA-350054	
1470	R-HSA-3700989	
1471	R-HSA-5628897	WP3349
1472	R-HSA-6796648	WP3808
1473	R-HSA-5633008	WP3802
1474	R-HSA-6803211	
1475	R-HSA-6803207	
1476	R-HSA-6803205	
1477	R-HSA-6803204	
1478	R-HSA-5633007	
1479	R-HSA-6804759	WP3798
1480	R-HSA-6804758	WP3816
1481	R-HSA-6811555	
1482	R-HSA-6804760	WP3823
1483	R-HSA-6806003	WP3807
1484	R-HSA-6804754	
1485	R-HSA-6804757	
1486	R-HSA-6804756	WP3838
1487	R-HSA-6791312	WP3804
1488	R-HSA-6804115	
1489	R-HSA-6804114	
1490	R-HSA-6804116	
1491	R-HSA-383280	
1492	R-HSA-2032785	WP2738
1493	R-HSA-72766	
1494	R-HSA-72766	
1495	R-HSA-156842	WP1811
1496	R-HSA-156842	WP1811
1497	R-HSA-156902	
1498	R-HSA-156902	
1499	R-HSA-72764	WP1813
1500	R-HSA-72764	WP1813
1501	R-HSA-1799339	WP2737
1502	R-HSA-1799339	WP2737
1503	R-HSA-72613	WP1812
1504	R-HSA-72613	WP1812
1505	R-HSA-72737	
1506	R-HSA-72737	
1507	R-HSA-72731	
1508	R-HSA-72731	
1509	R-HSA-72689	
1510	R-HSA-72689	
1511	R-HSA-72702	
1512	R-HSA-72702	
1513	R-HSA-72706	
1514	R-HSA-72706	
1515	R-HSA-72695	
1516	R-HSA-72695	
1517	R-HSA-72662	
1518	R-HSA-72662	
1519	R-HSA-72649	
1520	R-HSA-72649	
1521	R-HSA-156827	
1522	R-HSA-156827	
1523	R-HSA-112316	
1524	R-HSA-112307	
1525	R-HSA-112303	
1526	R-HSA-112315	
1527	R-HSA-112313	WP1872
1528	R-HSA-210455	
1529	R-HSA-112308	WP1800
1530	R-HSA-112314	
1531	R-HSA-399721	
1532	R-HSA-399710	
1533	R-HSA-399719	
1534	R-HSA-416993	
1535	R-HSA-181431	
1536	R-HSA-629602	
1537	R-HSA-622327	
1538	R-HSA-629594	
1539	R-HSA-629587	
1540	R-HSA-629587	
1541	R-HSA-622323	
1542	R-HSA-629597	
1543	R-HSA-451326	
1544	R-HSA-500657	
1545	R-HSA-451306	
1546	R-HSA-451307	
1547	R-HSA-451308	
1548	R-HSA-442755	
1549	R-HSA-438066	
1550	R-HSA-438064	
1551	R-HSA-442720	
1552	R-HSA-442717	
1553	R-HSA-442745	
1554	R-HSA-442729	
1555	R-HSA-442742	
1556	R-HSA-442982	
1557	R-HSA-444257	
1558	R-HSA-977443	
1559	R-HSA-977441	
1560	R-HSA-977444	
1561	R-HSA-991365	
1562	R-HSA-997269	
1563	R-HSA-997272	
1564	R-HSA-977442	
1565	R-HSA-112311	WP1870
1566	R-HSA-380615	
1567	R-HSA-380612	
1568	R-HSA-379401	
1569	R-HSA-379398	
1570	R-HSA-379397	
1571	R-HSA-112310	WP1871
1572	R-HSA-888590	WP2685
1573	R-HSA-916853	
1574	R-HSA-888568	
1575	R-HSA-888593	
1576	R-HSA-181429	
1577	R-HSA-210500	
1578	R-HSA-212676	
1579	R-HSA-264642	
1580	R-HSA-181430	
1581	R-HSA-1296071	WP2669
1582	R-HSA-1296065	
1583	R-HSA-1296053	
1584	R-HSA-1296059	
1585	R-HSA-1296041	
1586	R-HSA-1296025	
1587	R-HSA-1296067	
1588	R-HSA-1296346	
1589	R-HSA-1299344	
1590	R-HSA-1299308	
1591	R-HSA-1299287	
1592	R-HSA-1299503	
1593	R-HSA-1299361	
1594	R-HSA-1299316	
1595	R-HSA-1296052	
1596	R-HSA-1296061	
1597	R-HSA-1296072	
1598	R-HSA-6794362	
1599	R-HSA-8849932	
1600	R-HSA-6794361	
1601	R-HSA-4839726	
1602	R-HSA-3247509	WP3362
1603	R-HSA-3214841	
1604	R-HSA-3214858	
1605	R-HSA-3214815	
1606	R-HSA-3214842	
1607	R-HSA-3214847	
1608	R-HSA-5205647	WP3549
1609	R-HSA-5205685	
1610	R-HSA-392499	
1611	R-HSA-1268020	WP2717
1612	R-HSA-381119	WP1939
1613	R-HSA-381033	
1614	R-HSA-381183	
1615	R-HSA-381042	
1616	R-HSA-380994	WP2753
1617	R-HSA-381070	
1618	R-HSA-381038	WP3472
1619	R-HSA-5676934	WP3800
1620	R-HSA-2980736	
1621	R-HSA-264876	WP2736
1622	R-HSA-209952	WP2691
1623	R-HSA-209822	
1624	R-HSA-422085	WP3436
1625	R-HSA-400508	WP2728
1626	R-HSA-400511	
1627	R-HSA-381771	
1628	R-HSA-2022377	WP2729
1629	R-HSA-597592	
1630	R-HSA-163125	
1631	R-HSA-162791	
1632	R-HSA-162710	
1633	R-HSA-162699	
1634	R-HSA-162699	
1635	R-HSA-5173105	WP3315
1636	R-HSA-5173214	
1637	R-HSA-913709	
1638	R-HSA-977068	
1639	R-HSA-8852135	
1640	R-HSA-8866652	
1641	R-HSA-2990846	WP2778
1642	R-HSA-3215018	
1643	R-HSA-3065678	
1644	R-HSA-3065679	
1645	R-HSA-3065676	
1646	R-HSA-3108232	
1647	R-HSA-3108214	WP3327
1648	R-HSA-4615885	WP3805
1649	R-HSA-3232118	WP3824
1650	R-HSA-4551638	WP3799
1651	R-HSA-4570464	WP3794
1652	R-HSA-163841	WP2762
1653	R-HSA-159854	
1654	R-HSA-159782	
1655	R-HSA-159740	
1656	R-HSA-159763	
1657	R-HSA-5358493	
1658	R-HSA-1663150	
1659	R-HSA-204626	
1660	R-HSA-446203	WP1785
1661	R-HSA-446193	
1662	R-HSA-446219	
1663	R-HSA-446210	
1664	R-HSA-446205	
1665	R-HSA-480985	
1666	R-HSA-6787639	
1667	R-HSA-4085001	WP3363
1668	R-HSA-446199	
1669	R-HSA-532668	
1670	R-HSA-901042	
1671	R-HSA-901032	
1672	R-HSA-948021	
1673	R-HSA-975576	
1674	R-HSA-975574	
1675	R-HSA-975577	
1676	R-HSA-975578	
1677	R-HSA-964739	
1678	R-HSA-964827	
1679	R-HSA-199977	WP3542
1680	R-HSA-199977	WP3542
1681	R-HSA-5694530	WP3560
1682	R-HSA-5694530	WP3560
1683	R-HSA-6807878	
1684	R-HSA-6807878	
1685	R-HSA-204005	
1686	R-HSA-204005	
1687	R-HSA-5688426	
1688	R-HSA-5689880	
1689	R-HSA-5689896	
1690	R-HSA-5689901	
1691	R-HSA-5689877	
1692	R-HSA-5689603	
1693	R-HSA-381426	WP2799
1694	R-HSA-977225	WP3547
1695	R-HSA-391251	WP1892
1696	R-HSA-389977	
1697	R-HSA-390466	
1698	R-HSA-6814122	
1699	R-HSA-389958	
1700	R-HSA-389957	
1701	R-HSA-390450	
1702	R-HSA-389960	
1703	R-HSA-390471	
1704	R-HSA-5683826	WP3579
1705	R-HSA-73894	
1706	R-HSA-73942	WP1804
1707	R-HSA-73943	
1708	R-HSA-112122	
1709	R-HSA-112126	
1710	R-HSA-5657655	
1711	R-HSA-73884	
1712	R-HSA-73933	WP3345
1713	R-HSA-110373	
1714	R-HSA-5651801	
1715	R-HSA-110362	
1716	R-HSA-5649702	
1717	R-HSA-110357	
1718	R-HSA-110381	
1719	R-HSA-73930	
1720	R-HSA-73929	WP3399
1721	R-HSA-73927	
1722	R-HSA-110331	
1723	R-HSA-110330	
1724	R-HSA-73928	
1725	R-HSA-110329	
1726	R-HSA-110328	
1727	R-HSA-5696398	WP1980
1728	R-HSA-5696399	
1729	R-HSA-5696400	
1730	R-HSA-5696394	
1731	R-HSA-5696397	
1732	R-HSA-5696395	
1733	R-HSA-6781827	
1734	R-HSA-6781823	
1735	R-HSA-6782135	
1736	R-HSA-6782210	
1737	R-HSA-5693532	
1738	R-HSA-5693606	WP3543
1739	R-HSA-5693548	
1740	R-HSA-5693565	
1741	R-HSA-5693538	
1742	R-HSA-5685939	WP3570
1743	R-HSA-5693567	WP3567
1744	R-HSA-5685938	
1745	R-HSA-5685942	
1746	R-HSA-5693579	
1747	R-HSA-5693616	
1748	R-HSA-5693537	
1749	R-HSA-5693568	
1750	R-HSA-5693554	
1751	R-HSA-5693607	
1752	R-HSA-5693571	WP3550
1753	R-HSA-73893	WP1803
1754	R-HSA-110314	
1755	R-HSA-110313	
1756	R-HSA-110312	
1757	R-HSA-5655862	
1758	R-HSA-5656121	
1759	R-HSA-5656169	
1760	R-HSA-110320	
1761	R-HSA-5358508	WP3381
1762	R-HSA-5358565	
1763	R-HSA-5358606	
1764	R-HSA-6783310	WP3569
1765	R-HSA-1474165	
1766	R-HSA-1187000	WP2697
1767	R-HSA-1300645	
1768	R-HSA-1300652	
1769	R-HSA-2534343	
1770	R-HSA-1300644	
1771	R-HSA-1300642	
1772	R-HSA-397014	
1773	R-HSA-390522	WP3795
1774	R-HSA-445355	WP3811
1775	R-HSA-5576891	WP3810
1776	R-HSA-5576893	
1777	R-HSA-5578775	
1778	R-HSA-5576886	
1779	R-HSA-5576894	
1780	R-HSA-5576892	
1781	R-HSA-5576890	
1782	R-HSA-5578768	
1783	R-HSA-109582	
1784	R-HSA-983231	WP1815
1785	R-HSA-983189	WP1842
1786	R-HSA-75205	WP1802
1787	R-HSA-75892	WP1883
1788	R-HSA-140877	WP1818
1789	R-HSA-140837	
1790	R-HSA-140875	
1791	R-HSA-140834	
1792	R-HSA-418346	WP1885
1793	R-HSA-418360	
1794	R-HSA-418359	
1795	R-HSA-139853	
1796	R-HSA-392154	
1797	R-HSA-418457	
1798	R-HSA-432142	
1799	R-HSA-392851	
1800	R-HSA-76002	
1801	R-HSA-76009	WP1884
1802	R-HSA-392023	
1803	R-HSA-76005	WP1903
1804	R-HSA-114608	
1805	R-HSA-114516	
1806	R-HSA-430116	WP1823
1807	R-HSA-114604	WP1826
1808	R-HSA-392518	WP1908
1809	R-HSA-418592	
1810	R-HSA-392170	
1811	R-HSA-428930	
1812	R-HSA-456926	WP1929
1813	R-HSA-202733	WP1794
1814	R-HSA-210990	
1815	R-HSA-210991	
1816	R-HSA-210993	
1817	R-HSA-5653656	
1818	R-HSA-2173782	WP2784
1819	R-HSA-3000497	
1820	R-HSA-3000484	
1821	R-HSA-3000480	
1822	R-HSA-2168880	
1823	R-HSA-3000471	
1824	R-HSA-199991	
1825	R-HSA-157858	WP1820
1826	R-HSA-191650	
1827	R-HSA-191647	
1828	R-HSA-190828	
1829	R-HSA-190861	
1830	R-HSA-190827	
1831	R-HSA-190872	
1832	R-HSA-190840	
1833	R-HSA-190704	
1834	R-HSA-190873	
1835	R-HSA-196025	
1836	R-HSA-1445148	WP2777
1837	R-HSA-8856828	
1838	R-HSA-8856825	
1839	R-HSA-6811442	WP3842
1840	R-HSA-6811438	
1841	R-HSA-6811440	
1842	R-HSA-8856688	
1843	R-HSA-6811434	
1844	R-HSA-6811436	
1845	R-HSA-8876198	
1846	R-HSA-199992	WP3578
1847	R-HSA-421837	
1848	R-HSA-432720	
1849	R-HSA-432722	
1850	R-HSA-917729	WP3575
1851	R-HSA-1640170	
1852	R-HSA-69620	WP1775
1853	R-HSA-69618	
1854	R-HSA-141424	
1855	R-HSA-141444	
1856	R-HSA-141405	
1857	R-HSA-141405	
1858	R-HSA-141430	
1859	R-HSA-141430	
1860	R-HSA-69481	
1861	R-HSA-69478	
1862	R-HSA-176187	
1863	R-HSA-69473	
1864	R-HSA-75035	
1865	R-HSA-69615	
1866	R-HSA-69580	
1867	R-HSA-69563	
1868	R-HSA-69541	
1869	R-HSA-349425	
1870	R-HSA-69560	
1871	R-HSA-69895	
1872	R-HSA-69613	
1873	R-HSA-69610	
1874	R-HSA-69601	
1875	R-HSA-1500620	
1876	R-HSA-912446	WP2698
1877	R-HSA-1221632	WP2731
1878	R-HSA-73886	
1879	R-HSA-774815	WP1874
1880	R-HSA-606279	
1881	R-HSA-157579	WP1928
1882	R-HSA-180786	
1883	R-HSA-171319	
1884	R-HSA-174417	
1885	R-HSA-174411	
1886	R-HSA-174430	
1887	R-HSA-174414	
1888	R-HSA-174437	
1889	R-HSA-171306	
1890	R-HSA-69278	
1891	R-HSA-453279	
1892	R-HSA-1538133	
1893	R-HSA-69206	
1894	R-HSA-69205	
1895	R-HSA-113510	
1896	R-HSA-113507	
1897	R-HSA-113501	
1898	R-HSA-69202	
1899	R-HSA-187577	
1900	R-HSA-187577	
1901	R-HSA-69200	
1902	R-HSA-68962	
1903	R-HSA-68962	
1904	R-HSA-68962	
1905	R-HSA-69236	
1906	R-HSA-69231	
1907	R-HSA-453274	
1908	R-HSA-69275	
1909	R-HSA-2565942	
1910	R-HSA-8854050	
1911	R-HSA-8854521	
1912	R-HSA-8854518	
1913	R-HSA-8852276	
1914	R-HSA-156711	
1915	R-HSA-157881	
1916	R-HSA-380287	
1917	R-HSA-380270	
1918	R-HSA-380320	
1919	R-HSA-380284	
1920	R-HSA-380259	
1921	R-HSA-69273	
1922	R-HSA-170145	
1923	R-HSA-68911	
1924	R-HSA-68886	
1925	R-HSA-2555396	WP2757
1926	R-HSA-68881	
1927	R-HSA-68882	
1928	R-HSA-2467813	
1929	R-HSA-2995410	
1930	R-HSA-2995383	
1931	R-HSA-68884	
1932	R-HSA-2470946	
1933	R-HSA-68877	WP2652
1934	R-HSA-2514853	
1935	R-HSA-2500257	
1936	R-HSA-68875	WP2654
1937	R-HSA-2299718	
1938	R-HSA-2465910	
1939	R-HSA-2980766	
1940	R-HSA-3301854	
1941	R-HSA-2980767	
1942	R-HSA-4419969	
1943	R-HSA-2993913	
1944	R-HSA-162658	
1945	R-HSA-453276	
1946	R-HSA-174143	
1947	R-HSA-176407	
1948	R-HSA-174084	
1949	R-HSA-174178	
1950	R-HSA-176408	
1951	R-HSA-174113	
1952	R-HSA-176417	
1953	R-HSA-176814	
1954	R-HSA-176412	
1955	R-HSA-176409	
1956	R-HSA-174154	
1957	R-HSA-174048	
1958	R-HSA-179419	
1959	R-HSA-179409	
1960	R-HSA-174184	
1961	R-HSA-69304	WP1898
1962	R-HSA-69304	WP1898
1963	R-HSA-69300	
1964	R-HSA-69300	
1965	R-HSA-69017	
1966	R-HSA-69017	
1967	R-HSA-69017	
1968	R-HSA-69017	
1969	R-HSA-68949	
1970	R-HSA-68949	
1971	R-HSA-68949	
1972	R-HSA-68949	
1973	R-HSA-69298	
1974	R-HSA-69298	
1975	R-HSA-69242	WP2772
1976	R-HSA-75815	
1977	R-HSA-69229	
1978	R-HSA-69656	
1979	R-HSA-2468052	
1980	R-HSA-69239	WP1925
1981	R-HSA-69239	WP1925
1982	R-HSA-69052	
1983	R-HSA-69052	
1984	R-HSA-69190	
1985	R-HSA-69190	
1986	R-HSA-176974	
1987	R-HSA-176974	
1988	R-HSA-69186	
1989	R-HSA-69186	
1990	R-HSA-69183	
1991	R-HSA-69183	
1992	R-HSA-69166	
1993	R-HSA-69166	
1994	R-HSA-69091	
1995	R-HSA-69091	
1996	R-HSA-69091	
1997	R-HSA-69091	
1998	R-HSA-69109	
1999	R-HSA-69109	
2000	R-HSA-68952	
2001	R-HSA-68952	
2002	R-HSA-68874	
2003	R-HSA-68874	
2004	R-HSA-69002	
2005	R-HSA-69002	
2006	R-HSA-68867	
2007	R-HSA-68867	
2008	R-HSA-68827	
2009	R-HSA-68827	
2010	R-HSA-68689	
2011	R-HSA-68689	
2012	R-HSA-68616	
2013	R-HSA-68616	
2014	R-HSA-1266738	
2015	R-HSA-452723	WP2821
2016	R-HSA-2892247	WP3333
2017	R-HSA-2892245	WP3382
2018	R-HSA-1181150	WP2675
2019	R-HSA-1433617	
2020	R-HSA-6805567	
2021	R-HSA-6809371	
2022	R-HSA-381340	WP2751
2023	R-HSA-186712	WP3513
2024	R-HSA-210744	
2025	R-HSA-210747	
2026	R-HSA-210745	
2027	R-HSA-211163	
2028	R-HSA-210746	
2029	R-HSA-5619507	
2030	R-HSA-5617472	WP3813
2031	R-HSA-422475	
2032	R-HSA-8853659	
2033	R-HSA-373760	WP1843
2034	R-HSA-445095	
2035	R-HSA-447041	
2036	R-HSA-447043	
2037	R-HSA-447038	
2038	R-HSA-445144	
2039	R-HSA-437239	
2040	R-HSA-376176	WP1918
2041	R-HSA-428890	
2042	R-HSA-428542	
2043	R-HSA-428540	
2044	R-HSA-428543	
2045	R-HSA-375165	WP1866
2046	R-HSA-419037	
2047	R-HSA-2682334	WP3309
2048	R-HSA-3928665	
2049	R-HSA-3928664	
2050	R-HSA-3928663	
2051	R-HSA-3928662	
2052	R-HSA-373755	WP1907
2053	R-HSA-399955	
2054	R-HSA-399954	
2055	R-HSA-399956	
2056	R-HSA-400685	
2057	R-HSA-416550	
2058	R-HSA-416572	
2059	R-HSA-416700	
2060	R-HSA-373752	WP1868
2061	R-HSA-418885	
2062	R-HSA-418890	
2063	R-HSA-418886	
2064	R-HSA-525793	WP1865
2065	R-HSA-375170	
2066	R-HSA-5682910	WP3392
2067	R-HSA-69306	
2068	R-HSA-5357801	
2069	R-HSA-109581	
2070	R-HSA-5357769	
2071	R-HSA-140534	WP3358
2072	R-HSA-69416	
2073	R-HSA-3371378	
2074	R-HSA-418889	WP3317
2075	R-HSA-169911	WP1896
2076	R-HSA-211733	
2077	R-HSA-211728	
2078	R-HSA-109606	WP1841
2079	R-HSA-111453	
2080	R-HSA-114294	
2081	R-HSA-111452	
2082	R-HSA-111471	
2083	R-HSA-111469	
2084	R-HSA-111463	
2085	R-HSA-111464	
2086	R-HSA-111461	
2087	R-HSA-111458	
2088	R-HSA-111459	
2089	R-HSA-114452	
2090	R-HSA-111446	
2091	R-HSA-111448	
2092	R-HSA-139915	
2093	R-HSA-139910	
2094	R-HSA-111447	
2095	R-HSA-75108	
2096	R-HSA-111457	
2097	R-HSA-75153	
2098	R-HSA-111465	
2099	R-HSA-264870	
2100	R-HSA-351906	
2101	R-HSA-352238	
2102	R-HSA-211736	
2103	R-HSA-140342	
2104	R-HSA-211227	
2105	R-HSA-5218859	WP3383
2106	R-HSA-5213460	
2107	R-HSA-5675482	
2108	R-HSA-5218900	
2109	R-HSA-1474244	WP2703
2110	R-HSA-1566977	
2111	R-HSA-3000157	
2112	R-HSA-3000178	
2113	R-HSA-3000171	
2114	R-HSA-3000170	WP2787
2115	R-HSA-1474228	WP2774
2116	R-HSA-1592389	WP2769
2117	R-HSA-1442490	WP2708
2118	R-HSA-1566948	WP2666
2119	R-HSA-2129379	
2120	R-HSA-1474290	
2121	R-HSA-2022090	WP2798
2122	R-HSA-2214320	
2123	R-HSA-2243919	
2124	R-HSA-1650814	WP2725
2125	R-HSA-216083	WP1833
2126	R-HSA-1852241	
2127	R-HSA-1592230	WP3331
2128	R-HSA-2151209	
2129	R-HSA-2151201	
2130	R-HSA-5617833	WP3498
2131	R-HSA-5620912	
2132	R-HSA-5620924	
2133	R-HSA-5620920	
2134	R-HSA-5620916	
2135	R-HSA-5624958	
2136	R-HSA-5620922	
2137	R-HSA-5624138	
2138	R-HSA-5368287	WP3310
2139	R-HSA-5389840	
2140	R-HSA-5368286	
2141	R-HSA-5419276	
2142	R-HSA-1430728	
2143	R-HSA-71737	
2144	R-HSA-1475029	WP2770
2145	R-HSA-5660526	
2146	R-HSA-5661231	WP3814
2147	R-HSA-196854	
2148	R-HSA-196849	WP1857
2149	R-HSA-199220	
2150	R-HSA-196783	
2151	R-HSA-196780	
2152	R-HSA-196807	
2153	R-HSA-197264	
2154	R-HSA-196757	WP3806
2155	R-HSA-947581	
2156	R-HSA-196819	
2157	R-HSA-196741	
2158	R-HSA-196843	
2159	R-HSA-196836	
2160	R-HSA-964975	
2161	R-HSA-6806667	
2162	R-HSA-196791	WP3685
2163	R-HSA-6806664	WP3822
2164	R-HSA-2161522	WP2712
2165	R-HSA-2161517	
2166	R-HSA-2161541	
2167	R-HSA-556833	
2168	R-HSA-535734	WP1817
2169	R-HSA-200425	
2170	R-HSA-74182	
2171	R-HSA-77111	
2172	R-HSA-77108	
2173	R-HSA-77289	
2174	R-HSA-77288	
2175	R-HSA-77286	
2176	R-HSA-77352	
2177	R-HSA-77348	
2178	R-HSA-77346	
2179	R-HSA-77310	
2180	R-HSA-77350	
2181	R-HSA-77305	
2182	R-HSA-77285	
2183	R-HSA-71032	
2184	R-HSA-400206	WP2797
2185	R-HSA-1989781	
2186	R-HSA-75109	
2187	R-HSA-75105	
2188	R-HSA-75876	
2189	R-HSA-194068	WP1788
2190	R-HSA-159418	
2191	R-HSA-192105	
2192	R-HSA-193368	
2193	R-HSA-193775	
2194	R-HSA-193807	
2195	R-HSA-428157	WP2788
2196	R-HSA-1660662	
2197	R-HSA-1660661	
2198	R-HSA-196071	WP3836
2199	R-HSA-193144	
2200	R-HSA-196108	
2201	R-HSA-193048	
2202	R-HSA-194002	
2203	R-HSA-193993	
2204	R-HSA-390918	WP1878
2205	R-HSA-389887	
2206	R-HSA-389599	
2207	R-HSA-389542	
2208	R-HSA-75896	
2209	R-HSA-390247	
2210	R-HSA-1483257	
2211	R-HSA-1483206	WP2740
2212	R-HSA-1482788	
2213	R-HSA-1483213	
2214	R-HSA-1482922	
2215	R-HSA-1483076	
2216	R-HSA-1482798	
2217	R-HSA-1483191	
2218	R-HSA-1483152	
2219	R-HSA-6798163	
2220	R-HSA-1482839	
2221	R-HSA-1482925	
2222	R-HSA-1483196	
2223	R-HSA-1483196	
2224	R-HSA-1483115	
2225	R-HSA-1483166	
2226	R-HSA-1483148	
2227	R-HSA-1483226	
2228	R-HSA-1482883	
2229	R-HSA-1483171	
2230	R-HSA-1483101	
2231	R-HSA-1482801	
2232	R-HSA-1483255	WP2747
2233	R-HSA-1660502	
2234	R-HSA-1660524	
2235	R-HSA-1660508	
2236	R-HSA-1660516	
2237	R-HSA-1660514	
2238	R-HSA-1660499	
2239	R-HSA-1660510	
2240	R-HSA-6814848	
2241	R-HSA-1483248	
2242	R-HSA-1660517	
2243	R-HSA-1660537	
2244	R-HSA-2142753	
2245	R-HSA-2162123	
2246	R-HSA-2142691	
2247	R-HSA-2142688	
2248	R-HSA-2142712	
2249	R-HSA-2142700	
2250	R-HSA-2142670	
2251	R-HSA-2142770	
2252	R-HSA-2142816	
2253	R-HSA-2142696	
2254	R-HSA-191273	WP1795
2255	R-HSA-6807047	
2256	R-HSA-6807062	
2257	R-HSA-1655829	WP2686
2258	R-HSA-2426168	WP2706
2259	R-HSA-2046104	WP2724
2260	R-HSA-2046106	
2261	R-HSA-2046105	
2262	R-HSA-2142789	WP2734
2263	R-HSA-73923	WP2764
2264	R-HSA-163560	
2265	R-HSA-192456	
2266	R-HSA-265473	
2267	R-HSA-174824	
2268	R-HSA-171052	
2269	R-HSA-194223	
2270	R-HSA-174800	
2271	R-HSA-8855121	
2272	R-HSA-8866427	
2273	R-HSA-8866423	
2274	R-HSA-8866376	
2275	R-HSA-8848584	WP3790
2276	R-HSA-71387	WP1848
2277	R-HSA-5661270	
2278	R-HSA-189085	
2279	R-HSA-5652084	
2280	R-HSA-5652227	
2281	R-HSA-70350	
2282	R-HSA-73843	
2283	R-HSA-5653890	
2284	R-HSA-1630316	WP2743
2285	R-HSA-2142845	
2286	R-HSA-2160916	
2287	R-HSA-2142850	
2288	R-HSA-174362	
2289	R-HSA-174362	
2290	R-HSA-1638074	
2291	R-HSA-2022854	
2292	R-HSA-2022857	
2293	R-HSA-1638091	
2294	R-HSA-2022928	
2295	R-HSA-2024096	
2296	R-HSA-1971475	
2297	R-HSA-1971475	
2298	R-HSA-1793185	
2299	R-HSA-2022923	
2300	R-HSA-2024101	
2301	R-HSA-2022870	
2302	R-HSA-70370	
2303	R-HSA-8853383	WP3793
2304	R-HSA-71336	
2305	R-HSA-70326	
2306	R-HSA-3322077	
2307	R-HSA-70171	
2308	R-HSA-70263	
2309	R-HSA-70221	
2310	R-HSA-5357572	
2311	R-HSA-1483249	WP2741
2312	R-HSA-1855204	
2313	R-HSA-1855229	
2314	R-HSA-1855184	
2315	R-HSA-1855215	
2316	R-HSA-1855196	
2317	R-HSA-1855156	
2318	R-HSA-1855192	
2319	R-HSA-1855231	
2320	R-HSA-1855191	
2321	R-HSA-1855170	
2322	R-HSA-1855167	
2323	R-HSA-1855183	
2324	R-HSA-202131	WP1850
2325	R-HSA-203765	
2326	R-HSA-203615	
2327	R-HSA-203641	
2328	R-HSA-1474151	
2329	R-HSA-203754	
2330	R-HSA-15869	WP1851
2331	R-HSA-2393930	
2332	R-HSA-73847	
2333	R-HSA-74259	
2334	R-HSA-74217	
2335	R-HSA-73817	
2336	R-HSA-499943	
2337	R-HSA-73848	
2338	R-HSA-73621	
2339	R-HSA-500753	
2340	R-HSA-73614	
2341	R-HSA-8850843	
2342	R-HSA-71291	
2343	R-HSA-351202	WP3555
2344	R-HSA-351143	
2345	R-HSA-71288	
2346	R-HSA-350562	
2347	R-HSA-70635	
2348	R-HSA-351200	
2349	R-HSA-1237112	
2350	R-HSA-1237112	
2351	R-HSA-389661	WP3562
2352	R-HSA-6783984	
2353	R-HSA-8849175	WP3803
2354	R-HSA-209776	WP3548
2355	R-HSA-209968	
2356	R-HSA-350864	
2357	R-HSA-209905	
2358	R-HSA-209931	
2359	R-HSA-2408522	WP3791
2360	R-HSA-2408517	
2361	R-HSA-2408552	
2362	R-HSA-2408508	
2363	R-HSA-2408557	
2364	R-HSA-2408550	
2365	R-HSA-2408499	
2366	R-HSA-5263617	
2367	R-HSA-70614	WP3564
2368	R-HSA-977347	
2369	R-HSA-5662702	WP3377
2370	R-HSA-1614635	WP3574
2371	R-HSA-1614603	
2372	R-HSA-1614558	
2373	R-HSA-1614517	
2374	R-HSA-6788656	WP3573
2375	R-HSA-71064	
2376	R-HSA-70688	
2377	R-HSA-70921	
2378	R-HSA-71182	
2379	R-HSA-71240	
2380	R-HSA-70895	WP3556
2381	R-HSA-71262	
2382	R-HSA-8935690	
2383	R-HSA-1428517	WP2766
2384	R-HSA-71406	
2385	R-HSA-71403	
2386	R-HSA-880009	
2387	R-HSA-70268	
2388	R-HSA-204174	
2389	R-HSA-163200	WP1902
2390	R-HSA-163210	
2391	R-HSA-166187	
2392	R-HSA-167827	
2393	R-HSA-167826	
2394	R-HSA-611105	
2395	R-HSA-6799198	
2396	R-HSA-163685	WP1831
2397	R-HSA-163358	
2398	R-HSA-163765	
2399	R-HSA-422356	
2400	R-HSA-400451	
2401	R-HSA-434316	
2402	R-HSA-381676	
2403	R-HSA-399997	
2404	R-HSA-400042	
2405	R-HSA-163754	
2406	R-HSA-163359	
2407	R-HSA-164378	
2408	R-HSA-163767	
2409	R-HSA-163680	
2410	R-HSA-189445	WP1852
2411	R-HSA-189483	
2412	R-HSA-189451	
2413	R-HSA-1362409	WP2702
2414	R-HSA-2395516	
2415	R-HSA-211859	
2416	R-HSA-156580	WP1880
2417	R-HSA-156581	
2418	R-HSA-156582	
2419	R-HSA-156588	
2420	R-HSA-173599	
2421	R-HSA-156590	
2422	R-HSA-174403	
2423	R-HSA-156587	
2424	R-HSA-159424	
2425	R-HSA-177128	
2426	R-HSA-177162	
2427	R-HSA-177135	
2428	R-HSA-156584	
2429	R-HSA-5423646	WP3306
2430	R-HSA-211945	WP1879
2431	R-HSA-140179	
2432	R-HSA-141333	
2433	R-HSA-141334	
2434	R-HSA-71384	
2435	R-HSA-211897	
2436	R-HSA-211916	
2437	R-HSA-211958	
2438	R-HSA-211935	
2439	R-HSA-211981	
2440	R-HSA-211957	
2441	R-HSA-211999	
2442	R-HSA-211979	
2443	R-HSA-211976	
2444	R-HSA-211994	
2445	R-HSA-140180	
2446	R-HSA-217271	
2447	R-HSA-2564830	WP2690
2448	R-HSA-1480926	
2449	R-HSA-1237044	WP2744
2450	R-HSA-1247673	WP2681
2451		WP3557
2452		WP2655
2453		WP1784
2454		WP3355
2455		WP2794
2456		WP3565
2457		WP3568
2458		WP3554
2459		WP1789
2460		WP1835
2461		WP2785
2462		WP3576
2463		WP3307
2464		WP1845
2465		WP3797
2466		WP2749
2467		WP1858
2468		WP1859
2469		WP2765
2470		WP2761
2471		WP2752
2472		WP3545
2473		WP2754
2474		WP1887
2475		WP2735
2476		WP3332
2477		WP1904
2478		WP3551
2479		WP3812
2480		WP3400
2481		WP2755
2482		WP1934
2483		WP1936
2484		WP3828
